ASMS_BATCH_NUM,COMPOUND_ID,COMPOUND_FORMULA,SMILES,POOL_NAME,POOL_ID,POOL_SIZE,PROTEIN_NUMBER,TARGET_ID,PROTEIN_ID,PROTEIN_SEQ,PROTEIN_TAG,INCUBATION_VOLUME,PROTEIN_CONC,COMPOUND_CONC,MS_REPRODUCABILITY,POS_INT_REP1,POS_INT_REP2,POS_INT_REP3,TARGET_VALUE,SELECTIVE_VALUE,NTC_VALUE,ENRICHMENT,SELECTIVE_ENRICHMENT,PVALUE,BINARY_LABEL,SPR,KD
10,XS386199a,C15H22F2N4O2,Cn1ccc(C(=O)N2CCC(N3CC(F)(F)C[C@H]3CO)CC2)n1,ASMS10kP03,ASTPP000970,595,1,BICC1_Q9H694_47_425,Q9H694,MHHHHHHSSGVDLGTENLYFQSMSEERFRVDRKKLEAMLQAAAEGKGRSGEDFFQKIMEETNTQIAWPSKLKIGAKSKKDPHIKVSGKKEDVKEAKEMIMSVLDTKSNRVTLKMDVSHTEHSHVIGKGGNNIKKVMEETGCHIHFPDSNRNNQAEKSNQVSIAGQPAGVESARVRIRELLPLVLMFELPIAGILQPVPDPNSPSIQHISQTYNISVSFKQRSRMYGATVIVRGSQNNTSAVKEGTAMLLEHLAGSLASAIPVSTQLDIAAQHHLFMMGRNGSNIKHIMQRTGAQIHFPDPSNPQKKSTVYLQGTIESVCLARQYLMGCLPLVLMFDMKEEIEVDPQFIAQLMEQLDVFISIKPKPKQPSKSVIVKSVERNALNMYEARKCLLGLESSGVTIA,N_His,250 uL,1,0.1,,74357.41406,76055.82813,136035.2656,95482.83593,162741.7396,2030.0933836666663,47.03371613257664,0.5867138704839062,0.2639984401789021,N,N,
10,XS386199a,C15H22F2N4O2,Cn1ccc(C(=O)N2CCC(N3CC(F)(F)C[C@H]3CO)CC2)n1,ASMS10kP03,ASTPP000970,595,1,BICC1_Q9H694_47_425,Q9H694,MHHHHHHSSGVDLGTENLYFQSMSEERFRVDRKKLEAMLQAAAEGKGRSGEDFFQKIMEETNTQIAWPSKLKIGAKSKKDPHIKVSGKKEDVKEAKEMIMSVLDTKSNRVTLKMDVSHTEHSHVIGKGGNNIKKVMEETGCHIHFPDSNRNNQAEKSNQVSIAGQPAGVESARVRIRELLPLVLMFELPIAGILQPVPDPNSPSIQHISQTYNISVSFKQRSRMYGATVIVRGSQNNTSAVKEGTAMLLEHLAGSLASAIPVSTQLDIAAQHHLFMMGRNGSNIKHIMQRTGAQIHFPDPSNPQKKSTVYLQGTIESVCLARQYLMGCLPLVLMFDMKEEIEVDPQFIAQLMEQLDVFISIKPKPKQPSKSVIVKSVERNALNMYEARKCLLGLESSGVTIA,N_His,250 uL,1,0.1,,2588.799316,1856.951294,2134.781738,2193.5107826666667,162741.7396,2030.0933836666663,1.0804974787439792,0.0134784769295084,3.298390008436212e-07,N,N,
10,XS386079a;XS386414a,C16H24F2N4O2;C16H24F2N4O2,COC[C@@H]1CC(F)(F)CN1C1CCN(C(=O)c2ccn(C)n2)CC1;COC[C@@H]1CC(F)(F)CN1C1CN(C(=O)CCn2cc(C)cn2)C1,ASMS10kP03,ASTPP000970,595,1,BICC1_Q9H694_47_425,Q9H694,MHHHHHHSSGVDLGTENLYFQSMSEERFRVDRKKLEAMLQAAAEGKGRSGEDFFQKIMEETNTQIAWPSKLKIGAKSKKDPHIKVSGKKEDVKEAKEMIMSVLDTKSNRVTLKMDVSHTEHSHVIGKGGNNIKKVMEETGCHIHFPDSNRNNQAEKSNQVSIAGQPAGVESARVRIRELLPLVLMFELPIAGILQPVPDPNSPSIQHISQTYNISVSFKQRSRMYGATVIVRGSQNNTSAVKEGTAMLLEHLAGSLASAIPVSTQLDIAAQHHLFMMGRNGSNIKHIMQRTGAQIHFPDPSNPQKKSTVYLQGTIESVCLARQYLMGCLPLVLMFDMKEEIEVDPQFIAQLMEQLDVFISIKPKPKQPSKSVIVKSVERNALNMYEARKCLLGLESSGVTIA,N_His,250 uL,1,0.1,,597713.625,443573.5313,1002490.5,681259.2187666666,985421.75,4643.031575333333,146.72724225825613,0.6913377127779721,0.2648030407862676,N,N,
10,XS386079a;XS386414a,C16H24F2N4O2;C16H24F2N4O2,COC[C@@H]1CC(F)(F)CN1C1CCN(C(=O)c2ccn(C)n2)CC1;COC[C@@H]1CC(F)(F)CN1C1CN(C(=O)CCn2cc(C)cn2)C1,ASMS10kP03,ASTPP000970,595,1,BICC1_Q9H694_47_425,Q9H694,MHHHHHHSSGVDLGTENLYFQSMSEERFRVDRKKLEAMLQAAAEGKGRSGEDFFQKIMEETNTQIAWPSKLKIGAKSKKDPHIKVSGKKEDVKEAKEMIMSVLDTKSNRVTLKMDVSHTEHSHVIGKGGNNIKKVMEETGCHIHFPDSNRNNQAEKSNQVSIAGQPAGVESARVRIRELLPLVLMFELPIAGILQPVPDPNSPSIQHISQTYNISVSFKQRSRMYGATVIVRGSQNNTSAVKEGTAMLLEHLAGSLASAIPVSTQLDIAAQHHLFMMGRNGSNIKHIMQRTGAQIHFPDPSNPQKKSTVYLQGTIESVCLARQYLMGCLPLVLMFDMKEEIEVDPQFIAQLMEQLDVFISIKPKPKQPSKSVIVKSVERNALNMYEARKCLLGLESSGVTIA,N_His,250 uL,1,0.1,,4503.080566,4129.695313,5497.452148,4710.076009,985421.75,4643.031575333333,1.0144397970547625,0.0047797564941102,3.092463511979997e-07,N,N,
10,XS386536a,C19H25N3O3,Cc1ccncc1C(=O)N1CC2(CC(CC(=O)NCC3CC3)CO2)C1,ASMS10kP03,ASTPP000970,595,1,BICC1_Q9H694_47_425,Q9H694,MHHHHHHSSGVDLGTENLYFQSMSEERFRVDRKKLEAMLQAAAEGKGRSGEDFFQKIMEETNTQIAWPSKLKIGAKSKKDPHIKVSGKKEDVKEAKEMIMSVLDTKSNRVTLKMDVSHTEHSHVIGKGGNNIKKVMEETGCHIHFPDSNRNNQAEKSNQVSIAGQPAGVESARVRIRELLPLVLMFELPIAGILQPVPDPNSPSIQHISQTYNISVSFKQRSRMYGATVIVRGSQNNTSAVKEGTAMLLEHLAGSLASAIPVSTQLDIAAQHHLFMMGRNGSNIKHIMQRTGAQIHFPDPSNPQKKSTVYLQGTIESVCLARQYLMGCLPLVLMFDMKEEIEVDPQFIAQLMEQLDVFISIKPKPKQPSKSVIVKSVERNALNMYEARKCLLGLESSGVTIA,N_His,250 uL,1,0.1,,122330.4453,89944.61719,199112.3125,137129.12499666668,196703.9219,2393.6850176666667,57.28787371127818,0.6971346766862135,0.2399056919293138,N,N,
10,XS386536a,C19H25N3O3,Cc1ccncc1C(=O)N1CC2(CC(CC(=O)NCC3CC3)CO2)C1,ASMS10kP03,ASTPP000970,595,1,BICC1_Q9H694_47_425,Q9H694,MHHHHHHSSGVDLGTENLYFQSMSEERFRVDRKKLEAMLQAAAEGKGRSGEDFFQKIMEETNTQIAWPSKLKIGAKSKKDPHIKVSGKKEDVKEAKEMIMSVLDTKSNRVTLKMDVSHTEHSHVIGKGGNNIKKVMEETGCHIHFPDSNRNNQAEKSNQVSIAGQPAGVESARVRIRELLPLVLMFELPIAGILQPVPDPNSPSIQHISQTYNISVSFKQRSRMYGATVIVRGSQNNTSAVKEGTAMLLEHLAGSLASAIPVSTQLDIAAQHHLFMMGRNGSNIKHIMQRTGAQIHFPDPSNPQKKSTVYLQGTIESVCLARQYLMGCLPLVLMFDMKEEIEVDPQFIAQLMEQLDVFISIKPKPKQPSKSVIVKSVERNALNMYEARKCLLGLESSGVTIA,N_His,250 uL,1,0.1,,3000.0,3000.0,3000.0,3000.0,196703.9219,2393.6850176666667,1.2532977304275237,0.0152513481735515,1.0,N,N,
10,XS379460a,C10H12N6O2,CC1(C)CCC(=O)c2nnn(-c3nonc3N)c21,ASMS10kP04,ASTPP000971,481,1,BICC1_Q9H694_47_425,Q9H694,MHHHHHHSSGVDLGTENLYFQSMSEERFRVDRKKLEAMLQAAAEGKGRSGEDFFQKIMEETNTQIAWPSKLKIGAKSKKDPHIKVSGKKEDVKEAKEMIMSVLDTKSNRVTLKMDVSHTEHSHVIGKGGNNIKKVMEETGCHIHFPDSNRNNQAEKSNQVSIAGQPAGVESARVRIRELLPLVLMFELPIAGILQPVPDPNSPSIQHISQTYNISVSFKQRSRMYGATVIVRGSQNNTSAVKEGTAMLLEHLAGSLASAIPVSTQLDIAAQHHLFMMGRNGSNIKHIMQRTGAQIHFPDPSNPQKKSTVYLQGTIESVCLARQYLMGCLPLVLMFDMKEEIEVDPQFIAQLMEQLDVFISIKPKPKQPSKSVIVKSVERNALNMYEARKCLLGLESSGVTIA,N_His,250 uL,1,0.1,,68252.77344,34498.46484,40809.47266,47853.57031333334,557288.3333333334,33277.93229333334,1.437997105454775,0.0858686023931358,4.02346234562455e-07,N,N,
10,XS379460a,C10H12N6O2,CC1(C)CCC(=O)c2nnn(-c3nonc3N)c21,ASMS10kP04,ASTPP000971,481,1,BICC1_Q9H694_47_425,Q9H694,MHHHHHHSSGVDLGTENLYFQSMSEERFRVDRKKLEAMLQAAAEGKGRSGEDFFQKIMEETNTQIAWPSKLKIGAKSKKDPHIKVSGKKEDVKEAKEMIMSVLDTKSNRVTLKMDVSHTEHSHVIGKGGNNIKKVMEETGCHIHFPDSNRNNQAEKSNQVSIAGQPAGVESARVRIRELLPLVLMFELPIAGILQPVPDPNSPSIQHISQTYNISVSFKQRSRMYGATVIVRGSQNNTSAVKEGTAMLLEHLAGSLASAIPVSTQLDIAAQHHLFMMGRNGSNIKHIMQRTGAQIHFPDPSNPQKKSTVYLQGTIESVCLARQYLMGCLPLVLMFDMKEEIEVDPQFIAQLMEQLDVFISIKPKPKQPSKSVIVKSVERNALNMYEARKCLLGLESSGVTIA,N_His,250 uL,1,0.1,,499742.875,531214.375,578998.0,536651.75,557288.3333333334,33277.93229333334,16.12635500516085,0.9629696476689206,2.2541884078232527e-05,N,N,
10,XS840190a;XS836890a,C16H21N5O;C16H21N5O,c1ccc(-c2nnnn2CC2CCC3(CCCCC3)O2)nc1;c1cn(-c2ccnc(NC(C3CCOCC3)C3CC3)n2)cn1,Chiral6kA01,ASTPP000949,584,1,BICC1_Q9H694_47_425,Q9H694,MHHHHHHSSGVDLGTENLYFQSMSEERFRVDRKKLEAMLQAAAEGKGRSGEDFFQKIMEETNTQIAWPSKLKIGAKSKKDPHIKVSGKKEDVKEAKEMIMSVLDTKSNRVTLKMDVSHTEHSHVIGKGGNNIKKVMEETGCHIHFPDSNRNNQAEKSNQVSIAGQPAGVESARVRIRELLPLVLMFELPIAGILQPVPDPNSPSIQHISQTYNISVSFKQRSRMYGATVIVRGSQNNTSAVKEGTAMLLEHLAGSLASAIPVSTQLDIAAQHHLFMMGRNGSNIKHIMQRTGAQIHFPDPSNPQKKSTVYLQGTIESVCLARQYLMGCLPLVLMFDMKEEIEVDPQFIAQLMEQLDVFISIKPKPKQPSKSVIVKSVERNALNMYEARKCLLGLESSGVTIA,N_His,250 uL,1,0.1,,43629.0625,7077.105957,12942.625,21216.264485666667,21216.264485666667,6434.823730666666,3.297101113206189,1.0,0.3908160368579321,N,N,
10,XS840190a;XS836890a,C16H21N5O;C16H21N5O,c1ccc(-c2nnnn2CC2CCC3(CCCCC3)O2)nc1;c1cn(-c2ccnc(NC(C3CCOCC3)C3CC3)n2)cn1,Chiral6kA01,ASTPP000949,584,1,BICC1_Q9H694_47_425,Q9H694,MHHHHHHSSGVDLGTENLYFQSMSEERFRVDRKKLEAMLQAAAEGKGRSGEDFFQKIMEETNTQIAWPSKLKIGAKSKKDPHIKVSGKKEDVKEAKEMIMSVLDTKSNRVTLKMDVSHTEHSHVIGKGGNNIKKVMEETGCHIHFPDSNRNNQAEKSNQVSIAGQPAGVESARVRIRELLPLVLMFELPIAGILQPVPDPNSPSIQHISQTYNISVSFKQRSRMYGATVIVRGSQNNTSAVKEGTAMLLEHLAGSLASAIPVSTQLDIAAQHHLFMMGRNGSNIKHIMQRTGAQIHFPDPSNPQKKSTVYLQGTIESVCLARQYLMGCLPLVLMFDMKEEIEVDPQFIAQLMEQLDVFISIKPKPKQPSKSVIVKSVERNALNMYEARKCLLGLESSGVTIA,N_His,250 uL,1,0.1,,9148.451172,7010.000488,7359.997559,7839.483072999999,21216.264485666667,6434.823730666666,1.2182902595511822,0.3695034570433553,0.3542267705686581,N,N,
10,XS837358a,C21H28N6,CN(Cc1nccc(N)n1)C1CCCN(Cc2cccc3cc[nH]c23)CC1,Chiral6kA05,ASTPP000953,584,1,BICC1_Q9H694_47_425,Q9H694,MHHHHHHSSGVDLGTENLYFQSMSEERFRVDRKKLEAMLQAAAEGKGRSGEDFFQKIMEETNTQIAWPSKLKIGAKSKKDPHIKVSGKKEDVKEAKEMIMSVLDTKSNRVTLKMDVSHTEHSHVIGKGGNNIKKVMEETGCHIHFPDSNRNNQAEKSNQVSIAGQPAGVESARVRIRELLPLVLMFELPIAGILQPVPDPNSPSIQHISQTYNISVSFKQRSRMYGATVIVRGSQNNTSAVKEGTAMLLEHLAGSLASAIPVSTQLDIAAQHHLFMMGRNGSNIKHIMQRTGAQIHFPDPSNPQKKSTVYLQGTIESVCLARQYLMGCLPLVLMFDMKEEIEVDPQFIAQLMEQLDVFISIKPKPKQPSKSVIVKSVERNALNMYEARKCLLGLESSGVTIA,N_His,250 uL,1,0.1,,3000.0,5322.356445,2465.322754,3595.893066333334,5388.582438333333,2676.2219646666667,1.343645300654729,0.6673170741070688,0.9346534158030662,N,N,
10,XS837358a,C21H28N6,CN(Cc1nccc(N)n1)C1CCCN(Cc2cccc3cc[nH]c23)CC1,Chiral6kA05,ASTPP000953,584,1,BICC1_Q9H694_47_425,Q9H694,MHHHHHHSSGVDLGTENLYFQSMSEERFRVDRKKLEAMLQAAAEGKGRSGEDFFQKIMEETNTQIAWPSKLKIGAKSKKDPHIKVSGKKEDVKEAKEMIMSVLDTKSNRVTLKMDVSHTEHSHVIGKGGNNIKKVMEETGCHIHFPDSNRNNQAEKSNQVSIAGQPAGVESARVRIRELLPLVLMFELPIAGILQPVPDPNSPSIQHISQTYNISVSFKQRSRMYGATVIVRGSQNNTSAVKEGTAMLLEHLAGSLASAIPVSTQLDIAAQHHLFMMGRNGSNIKHIMQRTGAQIHFPDPSNPQKKSTVYLQGTIESVCLARQYLMGCLPLVLMFDMKEEIEVDPQFIAQLMEQLDVFISIKPKPKQPSKSVIVKSVERNALNMYEARKCLLGLESSGVTIA,N_His,250 uL,1,0.1,,3000.0,3000.0,3000.0,3000.0,5388.582438333333,2676.2219646666667,1.120983251616673,0.5567326907088923,1.0,N,N,
10,XS841940a,C17H20ClFN4O,O=C(NCC(F)C1CCNCC1)c1ccc(-n2cccn2)cc1Cl,Chiral6kA06,ASTPP000954,584,1,BICC1_Q9H694_47_425,Q9H694,MHHHHHHSSGVDLGTENLYFQSMSEERFRVDRKKLEAMLQAAAEGKGRSGEDFFQKIMEETNTQIAWPSKLKIGAKSKKDPHIKVSGKKEDVKEAKEMIMSVLDTKSNRVTLKMDVSHTEHSHVIGKGGNNIKKVMEETGCHIHFPDSNRNNQAEKSNQVSIAGQPAGVESARVRIRELLPLVLMFELPIAGILQPVPDPNSPSIQHISQTYNISVSFKQRSRMYGATVIVRGSQNNTSAVKEGTAMLLEHLAGSLASAIPVSTQLDIAAQHHLFMMGRNGSNIKHIMQRTGAQIHFPDPSNPQKKSTVYLQGTIESVCLARQYLMGCLPLVLMFDMKEEIEVDPQFIAQLMEQLDVFISIKPKPKQPSKSVIVKSVERNALNMYEARKCLLGLESSGVTIA,N_His,250 uL,1,0.1,,1637.488647,3000.0,3000.0,2545.829549,16549.713053333333,2222.3206786666665,1.1455725420002978,0.1538292259687992,0.0002295141855691,N,N,
10,XS841940a,C17H20ClFN4O,O=C(NCC(F)C1CCNCC1)c1ccc(-n2cccn2)cc1Cl,Chiral6kA06,ASTPP000954,584,1,BICC1_Q9H694_47_425,Q9H694,MHHHHHHSSGVDLGTENLYFQSMSEERFRVDRKKLEAMLQAAAEGKGRSGEDFFQKIMEETNTQIAWPSKLKIGAKSKKDPHIKVSGKKEDVKEAKEMIMSVLDTKSNRVTLKMDVSHTEHSHVIGKGGNNIKKVMEETGCHIHFPDSNRNNQAEKSNQVSIAGQPAGVESARVRIRELLPLVLMFELPIAGILQPVPDPNSPSIQHISQTYNISVSFKQRSRMYGATVIVRGSQNNTSAVKEGTAMLLEHLAGSLASAIPVSTQLDIAAQHHLFMMGRNGSNIKHIMQRTGAQIHFPDPSNPQKKSTVYLQGTIESVCLARQYLMGCLPLVLMFDMKEEIEVDPQFIAQLMEQLDVFISIKPKPKQPSKSVIVKSVERNALNMYEARKCLLGLESSGVTIA,N_His,250 uL,1,0.1,,8547.429688,6028.189453,6891.429688,7155.682943,16549.713053333333,2222.3206786666665,3.219914664742813,0.4323750460168099,0.9453721155426672,N,N,
10,XS838433a,C24H33N3O2,CCOc1ccc2ccccc2c1C(=O)N(C)C1CCN(C2CCN(C)CC2)C1,Chiral6kA09,ASTPP000957,584,1,BICC1_Q9H694_47_425,Q9H694,MHHHHHHSSGVDLGTENLYFQSMSEERFRVDRKKLEAMLQAAAEGKGRSGEDFFQKIMEETNTQIAWPSKLKIGAKSKKDPHIKVSGKKEDVKEAKEMIMSVLDTKSNRVTLKMDVSHTEHSHVIGKGGNNIKKVMEETGCHIHFPDSNRNNQAEKSNQVSIAGQPAGVESARVRIRELLPLVLMFELPIAGILQPVPDPNSPSIQHISQTYNISVSFKQRSRMYGATVIVRGSQNNTSAVKEGTAMLLEHLAGSLASAIPVSTQLDIAAQHHLFMMGRNGSNIKHIMQRTGAQIHFPDPSNPQKKSTVYLQGTIESVCLARQYLMGCLPLVLMFDMKEEIEVDPQFIAQLMEQLDVFISIKPKPKQPSKSVIVKSVERNALNMYEARKCLLGLESSGVTIA,N_His,250 uL,1,0.1,,4886.593262,6410.667969,11773.39648,7690.219237,7690.219237,3000.0,2.5634064123333333,1.0,0.2263795891621242,N,N,
10,XS838433a,C24H33N3O2,CCOc1ccc2ccccc2c1C(=O)N(C)C1CCN(C2CCN(C)CC2)C1,Chiral6kA09,ASTPP000957,584,1,BICC1_Q9H694_47_425,Q9H694,MHHHHHHSSGVDLGTENLYFQSMSEERFRVDRKKLEAMLQAAAEGKGRSGEDFFQKIMEETNTQIAWPSKLKIGAKSKKDPHIKVSGKKEDVKEAKEMIMSVLDTKSNRVTLKMDVSHTEHSHVIGKGGNNIKKVMEETGCHIHFPDSNRNNQAEKSNQVSIAGQPAGVESARVRIRELLPLVLMFELPIAGILQPVPDPNSPSIQHISQTYNISVSFKQRSRMYGATVIVRGSQNNTSAVKEGTAMLLEHLAGSLASAIPVSTQLDIAAQHHLFMMGRNGSNIKHIMQRTGAQIHFPDPSNPQKKSTVYLQGTIESVCLARQYLMGCLPLVLMFDMKEEIEVDPQFIAQLMEQLDVFISIKPKPKQPSKSVIVKSVERNALNMYEARKCLLGLESSGVTIA,N_His,250 uL,1,0.1,,3000.0,3000.0,3000.0,3000.0,7690.219237,3000.0,1.0,0.390105913439513,1.0,N,N,
10,XS842333a,C18H19FN4,CC1(c2cccc(F)c2)CCN(Cc2ccn3ncnc3c2)C1,Chiral6kA11,ASTPP000959,576,1,BICC1_Q9H694_47_425,Q9H694,MHHHHHHSSGVDLGTENLYFQSMSEERFRVDRKKLEAMLQAAAEGKGRSGEDFFQKIMEETNTQIAWPSKLKIGAKSKKDPHIKVSGKKEDVKEAKEMIMSVLDTKSNRVTLKMDVSHTEHSHVIGKGGNNIKKVMEETGCHIHFPDSNRNNQAEKSNQVSIAGQPAGVESARVRIRELLPLVLMFELPIAGILQPVPDPNSPSIQHISQTYNISVSFKQRSRMYGATVIVRGSQNNTSAVKEGTAMLLEHLAGSLASAIPVSTQLDIAAQHHLFMMGRNGSNIKHIMQRTGAQIHFPDPSNPQKKSTVYLQGTIESVCLARQYLMGCLPLVLMFDMKEEIEVDPQFIAQLMEQLDVFISIKPKPKQPSKSVIVKSVERNALNMYEARKCLLGLESSGVTIA,N_His,250 uL,1,0.1,,5870.648926,3340.306885,5584.045898,4931.667236333334,898745.4375,4433.5508623333335,1.1123515641225432,0.0054872793013019,4.7463486283511357e-07,N,N,
10,XS842333a,C18H19FN4,CC1(c2cccc(F)c2)CCN(Cc2ccn3ncnc3c2)C1,Chiral6kA11,ASTPP000959,576,1,BICC1_Q9H694_47_425,Q9H694,MHHHHHHSSGVDLGTENLYFQSMSEERFRVDRKKLEAMLQAAAEGKGRSGEDFFQKIMEETNTQIAWPSKLKIGAKSKKDPHIKVSGKKEDVKEAKEMIMSVLDTKSNRVTLKMDVSHTEHSHVIGKGGNNIKKVMEETGCHIHFPDSNRNNQAEKSNQVSIAGQPAGVESARVRIRELLPLVLMFELPIAGILQPVPDPNSPSIQHISQTYNISVSFKQRSRMYGATVIVRGSQNNTSAVKEGTAMLLEHLAGSLASAIPVSTQLDIAAQHHLFMMGRNGSNIKHIMQRTGAQIHFPDPSNPQKKSTVYLQGTIESVCLARQYLMGCLPLVLMFDMKEEIEVDPQFIAQLMEQLDVFISIKPKPKQPSKSVIVKSVERNALNMYEARKCLLGLESSGVTIA,N_His,250 uL,1,0.1,,295140.875,485059.25,791937.25,524045.7916666667,898745.4375,4433.5508623333335,118.20001798532805,0.5830858993002306,0.3977429801388622,N,N,
10,XS837056a;XS839493a,C17H18N6O2;C17H18N6O2,Cc1ocnc1Cn1nnc(C(NC(=O)c2ccccc2)C2CC2)n1;O=C(NCCc1c[nH]cn1)C1CC(=O)N(c2n[nH]c3ccccc23)C1,Chiral6kA11,ASTPP000959,576,1,BICC1_Q9H694_47_425,Q9H694,MHHHHHHSSGVDLGTENLYFQSMSEERFRVDRKKLEAMLQAAAEGKGRSGEDFFQKIMEETNTQIAWPSKLKIGAKSKKDPHIKVSGKKEDVKEAKEMIMSVLDTKSNRVTLKMDVSHTEHSHVIGKGGNNIKKVMEETGCHIHFPDSNRNNQAEKSNQVSIAGQPAGVESARVRIRELLPLVLMFELPIAGILQPVPDPNSPSIQHISQTYNISVSFKQRSRMYGATVIVRGSQNNTSAVKEGTAMLLEHLAGSLASAIPVSTQLDIAAQHHLFMMGRNGSNIKHIMQRTGAQIHFPDPSNPQKKSTVYLQGTIESVCLARQYLMGCLPLVLMFDMKEEIEVDPQFIAQLMEQLDVFISIKPKPKQPSKSVIVKSVERNALNMYEARKCLLGLESSGVTIA,N_His,250 uL,1,0.1,,24614.00781,13719.96582,27516.22852,21950.06738333333,31719.957683333338,9419.194336,2.33035508137257,0.691995481282328,0.6355718374713013,N,N,
10,XS837056a;XS839493a,C17H18N6O2;C17H18N6O2,Cc1ocnc1Cn1nnc(C(NC(=O)c2ccccc2)C2CC2)n1;O=C(NCCc1c[nH]cn1)C1CC(=O)N(c2n[nH]c3ccccc23)C1,Chiral6kA11,ASTPP000959,576,1,BICC1_Q9H694_47_425,Q9H694,MHHHHHHSSGVDLGTENLYFQSMSEERFRVDRKKLEAMLQAAAEGKGRSGEDFFQKIMEETNTQIAWPSKLKIGAKSKKDPHIKVSGKKEDVKEAKEMIMSVLDTKSNRVTLKMDVSHTEHSHVIGKGGNNIKKVMEETGCHIHFPDSNRNNQAEKSNQVSIAGQPAGVESARVRIRELLPLVLMFELPIAGILQPVPDPNSPSIQHISQTYNISVSFKQRSRMYGATVIVRGSQNNTSAVKEGTAMLLEHLAGSLASAIPVSTQLDIAAQHHLFMMGRNGSNIKHIMQRTGAQIHFPDPSNPQKKSTVYLQGTIESVCLARQYLMGCLPLVLMFDMKEEIEVDPQFIAQLMEQLDVFISIKPKPKQPSKSVIVKSVERNALNMYEARKCLLGLESSGVTIA,N_His,250 uL,1,0.1,,18366.46289,15293.39551,20304.43359,17988.09733,31719.957683333338,9419.194336,1.9097278056202531,0.5670908362986724,0.4596633944000846,N,N,
10,XS841543a;XS839320a,C18H22N4O3;C18H22N4O3,CC(NC(=O)CCn1cccn1)c1ccc(N2CCCOC2=O)cc1;COc1cnc(CN(CC2CC23CCC3)C(=O)c2cc(C)no2)cn1,Chiral6kA11,ASTPP000959,576,1,BICC1_Q9H694_47_425,Q9H694,MHHHHHHSSGVDLGTENLYFQSMSEERFRVDRKKLEAMLQAAAEGKGRSGEDFFQKIMEETNTQIAWPSKLKIGAKSKKDPHIKVSGKKEDVKEAKEMIMSVLDTKSNRVTLKMDVSHTEHSHVIGKGGNNIKKVMEETGCHIHFPDSNRNNQAEKSNQVSIAGQPAGVESARVRIRELLPLVLMFELPIAGILQPVPDPNSPSIQHISQTYNISVSFKQRSRMYGATVIVRGSQNNTSAVKEGTAMLLEHLAGSLASAIPVSTQLDIAAQHHLFMMGRNGSNIKHIMQRTGAQIHFPDPSNPQKKSTVYLQGTIESVCLARQYLMGCLPLVLMFDMKEEIEVDPQFIAQLMEQLDVFISIKPKPKQPSKSVIVKSVERNALNMYEARKCLLGLESSGVTIA,N_His,250 uL,1,0.1,,1645.402954,3000.0,3000.0,2548.4676513333334,5001.212890666667,2548.4676513333334,1.0,0.5095699197467317,0.3590726824099982,N,N,
10,XS841543a;XS839320a,C18H22N4O3;C18H22N4O3,CC(NC(=O)CCn1cccn1)c1ccc(N2CCCOC2=O)cc1;COc1cnc(CN(CC2CC23CCC3)C(=O)c2cc(C)no2)cn1,Chiral6kA11,ASTPP000959,576,1,BICC1_Q9H694_47_425,Q9H694,MHHHHHHSSGVDLGTENLYFQSMSEERFRVDRKKLEAMLQAAAEGKGRSGEDFFQKIMEETNTQIAWPSKLKIGAKSKKDPHIKVSGKKEDVKEAKEMIMSVLDTKSNRVTLKMDVSHTEHSHVIGKGGNNIKKVMEETGCHIHFPDSNRNNQAEKSNQVSIAGQPAGVESARVRIRELLPLVLMFELPIAGILQPVPDPNSPSIQHISQTYNISVSFKQRSRMYGATVIVRGSQNNTSAVKEGTAMLLEHLAGSLASAIPVSTQLDIAAQHHLFMMGRNGSNIKHIMQRTGAQIHFPDPSNPQKKSTVYLQGTIESVCLARQYLMGCLPLVLMFDMKEEIEVDPQFIAQLMEQLDVFISIKPKPKQPSKSVIVKSVERNALNMYEARKCLLGLESSGVTIA,N_His,250 uL,1,0.1,,3000.0,7723.735352,4279.90332,5001.212890666667,5001.212890666667,2548.4676513333334,1.9624392281573912,1.0,0.3062419396362,N,N,
