ASMS_BATCH_NUM,COMPOUND_ID,COMPOUND_FORMULA,SMILES,POOL_NAME,POOL_ID,POOL_SIZE,PROTEIN_NUMBER,TARGET_ID,PROTEIN_ID,PROTEIN_SEQ,PROTEIN_TAG,INCUBATION_VOLUME,PROTEIN_CONC,COMPOUND_CONC,MS_REPRODUCABILITY,POS_INT_REP1,POS_INT_REP2,POS_INT_REP3,TARGET_VALUE,SELECTIVE_VALUE,NTC_VALUE,ENRICHMENT,SELECTIVE_ENRICHMENT,PVALUE,BINARY_LABEL,SPR,KD,ISOMERS
4,XS387290a,C15H19FN2O2,CN(C)C(=O)C1CCN(C(=O)c2cccc(F)c2)CC1,ChemDivA01,ASTPP000922,464,7,HAT1_O14929_20_341,O14929,MHHHHHHSSGRENLYFQGKKLAEYKCNTNTAIELKLVRFPEDLENDIRTFFPEYTHQLFGDDETAFGYKGLKILLYYIAGSLSTMFRVEYASKVDENFDCVEADDVEGKIRQIIPPGFCTNTNDFLSLLEKEVDFKPFGTLLHTYSVLSPTGGENFTFQIYKADMTCRGFREYHERLQTFLMWFIETASFIDVDDERWHYFLVFEKYNKDGATLFATVGYMTVYNYYVYPDKTRPRVSQMLILTPFQGQGHGAQLLETVHRYYTEFPTVLDITAEDPSKSYVKLRDFVLVKLCQDLPCFSREKLMQGFNEDMAIEAQQKFKINKQHARRVYEILRLLVTD,N_His,250 uL,1,0.1,,6590.62207,7825.799316,10033.12695,8149.849445333333,8149.849445333333,100.0,81.49849445333334,1.0,0.0103946790535157,N,N,,XS387328a
4,XS387328a,C15H19FN2O2,CN(C)C(=O)C1CCN(C(=O)c2ccc(F)cc2)CC1,ChemDivA01,ASTPP000922,464,7,HAT1_O14929_20_341,O14929,MHHHHHHSSGRENLYFQGKKLAEYKCNTNTAIELKLVRFPEDLENDIRTFFPEYTHQLFGDDETAFGYKGLKILLYYIAGSLSTMFRVEYASKVDENFDCVEADDVEGKIRQIIPPGFCTNTNDFLSLLEKEVDFKPFGTLLHTYSVLSPTGGENFTFQIYKADMTCRGFREYHERLQTFLMWFIETASFIDVDDERWHYFLVFEKYNKDGATLFATVGYMTVYNYYVYPDKTRPRVSQMLILTPFQGQGHGAQLLETVHRYYTEFPTVLDITAEDPSKSYVKLRDFVLVKLCQDLPCFSREKLMQGFNEDMAIEAQQKFKINKQHARRVYEILRLLVTD,N_His,250 uL,1,0.1,,6590.62207,7825.799316,10033.12695,8149.849445333333,8149.849445333333,100.0,81.49849445333334,1.0,0.0103946790535157,N,N,,XS387290a
4,XS383254a,C13H16FNO2,O=C(Cc1ccc(F)cc1)NCC1CCCO1,ChemDivA02,ASTPP000924,463,7,HAT1_O14929_20_341,O14929,MHHHHHHSSGRENLYFQGKKLAEYKCNTNTAIELKLVRFPEDLENDIRTFFPEYTHQLFGDDETAFGYKGLKILLYYIAGSLSTMFRVEYASKVDENFDCVEADDVEGKIRQIIPPGFCTNTNDFLSLLEKEVDFKPFGTLLHTYSVLSPTGGENFTFQIYKADMTCRGFREYHERLQTFLMWFIETASFIDVDDERWHYFLVFEKYNKDGATLFATVGYMTVYNYYVYPDKTRPRVSQMLILTPFQGQGHGAQLLETVHRYYTEFPTVLDITAEDPSKSYVKLRDFVLVKLCQDLPCFSREKLMQGFNEDMAIEAQQKFKINKQHARRVYEILRLLVTD,N_His,250 uL,1,0.1,,6012.757324,4882.324707,6660.783203,5851.955078,5851.955078,100.0,58.51955078,1.0,0.0010669598151796,N,N,,XS383514a
4,XS383514a,C13H16FNO2,CC1CN(C(=O)c2cccc(F)c2)CC(C)O1,ChemDivA02,ASTPP000924,463,7,HAT1_O14929_20_341,O14929,MHHHHHHSSGRENLYFQGKKLAEYKCNTNTAIELKLVRFPEDLENDIRTFFPEYTHQLFGDDETAFGYKGLKILLYYIAGSLSTMFRVEYASKVDENFDCVEADDVEGKIRQIIPPGFCTNTNDFLSLLEKEVDFKPFGTLLHTYSVLSPTGGENFTFQIYKADMTCRGFREYHERLQTFLMWFIETASFIDVDDERWHYFLVFEKYNKDGATLFATVGYMTVYNYYVYPDKTRPRVSQMLILTPFQGQGHGAQLLETVHRYYTEFPTVLDITAEDPSKSYVKLRDFVLVKLCQDLPCFSREKLMQGFNEDMAIEAQQKFKINKQHARRVYEILRLLVTD,N_His,250 uL,1,0.1,,6012.757324,4882.324707,6660.783203,5851.955078,5851.955078,100.0,58.51955078,1.0,0.0010669598151796,N,N,,XS383254a
4,XS384351a,C13H23N3O2S,CCn1nc(C)c(S(=O)(=O)N2CCCC(C)C2)c1C,ChemDivA03,ASTPP000926,448,7,HAT1_O14929_20_341,O14929,MHHHHHHSSGRENLYFQGKKLAEYKCNTNTAIELKLVRFPEDLENDIRTFFPEYTHQLFGDDETAFGYKGLKILLYYIAGSLSTMFRVEYASKVDENFDCVEADDVEGKIRQIIPPGFCTNTNDFLSLLEKEVDFKPFGTLLHTYSVLSPTGGENFTFQIYKADMTCRGFREYHERLQTFLMWFIETASFIDVDDERWHYFLVFEKYNKDGATLFATVGYMTVYNYYVYPDKTRPRVSQMLILTPFQGQGHGAQLLETVHRYYTEFPTVLDITAEDPSKSYVKLRDFVLVKLCQDLPCFSREKLMQGFNEDMAIEAQQKFKINKQHARRVYEILRLLVTD,N_His,250 uL,1,0.1,,5950.643066,7768.509766,7893.459473,7204.204101666666,7204.204101666666,100.0,72.04204101666666,1.0,0.0031671557808867,N,N,,XS384426a
4,XS384426a,C13H23N3O2S,CCn1nc(C)c(S(=O)(=O)N2CCC(C)CC2)c1C,ChemDivA03,ASTPP000926,448,7,HAT1_O14929_20_341,O14929,MHHHHHHSSGRENLYFQGKKLAEYKCNTNTAIELKLVRFPEDLENDIRTFFPEYTHQLFGDDETAFGYKGLKILLYYIAGSLSTMFRVEYASKVDENFDCVEADDVEGKIRQIIPPGFCTNTNDFLSLLEKEVDFKPFGTLLHTYSVLSPTGGENFTFQIYKADMTCRGFREYHERLQTFLMWFIETASFIDVDDERWHYFLVFEKYNKDGATLFATVGYMTVYNYYVYPDKTRPRVSQMLILTPFQGQGHGAQLLETVHRYYTEFPTVLDITAEDPSKSYVKLRDFVLVKLCQDLPCFSREKLMQGFNEDMAIEAQQKFKINKQHARRVYEILRLLVTD,N_His,250 uL,1,0.1,,5950.643066,7768.509766,7893.459473,7204.204101666666,7204.204101666666,100.0,72.04204101666666,1.0,0.0031671557808867,N,N,,XS384351a
4,XS384531a,C11H15N3O,Cc1cc(=O)[nH]c2nn(C(C)C)c(C)c12,ChemDivB07,ASTPP000935,448,7,HAT1_O14929_20_341,O14929,MHHHHHHSSGRENLYFQGKKLAEYKCNTNTAIELKLVRFPEDLENDIRTFFPEYTHQLFGDDETAFGYKGLKILLYYIAGSLSTMFRVEYASKVDENFDCVEADDVEGKIRQIIPPGFCTNTNDFLSLLEKEVDFKPFGTLLHTYSVLSPTGGENFTFQIYKADMTCRGFREYHERLQTFLMWFIETASFIDVDDERWHYFLVFEKYNKDGATLFATVGYMTVYNYYVYPDKTRPRVSQMLILTPFQGQGHGAQLLETVHRYYTEFPTVLDITAEDPSKSYVKLRDFVLVKLCQDLPCFSREKLMQGFNEDMAIEAQQKFKINKQHARRVYEILRLLVTD,N_His,250 uL,1,0.1,,10512.11914,9175.84082,7241.04248,8976.334146666666,8976.334146666666,100.0,89.76334146666666,1.0,0.0079983084666855,N,N,,F9000697b
4,F9000697b,C11H15N3O,CC1CCCCN1C(=O)c1cnccn1,ChemDivB07,ASTPP000935,448,7,HAT1_O14929_20_341,O14929,MHHHHHHSSGRENLYFQGKKLAEYKCNTNTAIELKLVRFPEDLENDIRTFFPEYTHQLFGDDETAFGYKGLKILLYYIAGSLSTMFRVEYASKVDENFDCVEADDVEGKIRQIIPPGFCTNTNDFLSLLEKEVDFKPFGTLLHTYSVLSPTGGENFTFQIYKADMTCRGFREYHERLQTFLMWFIETASFIDVDDERWHYFLVFEKYNKDGATLFATVGYMTVYNYYVYPDKTRPRVSQMLILTPFQGQGHGAQLLETVHRYYTEFPTVLDITAEDPSKSYVKLRDFVLVKLCQDLPCFSREKLMQGFNEDMAIEAQQKFKINKQHARRVYEILRLLVTD,N_His,250 uL,1,0.1,,10512.11914,9175.84082,7241.04248,8976.334146666666,8976.334146666666,100.0,89.76334146666666,1.0,0.0079983084666855,N,N,,XS384531a
4,XS385442a,C14H23N3O2,CCN(CCN(C)C)C(=O)c1noc2c1CCCC2,ChemDivB07,ASTPP000935,448,7,HAT1_O14929_20_341,O14929,MHHHHHHSSGRENLYFQGKKLAEYKCNTNTAIELKLVRFPEDLENDIRTFFPEYTHQLFGDDETAFGYKGLKILLYYIAGSLSTMFRVEYASKVDENFDCVEADDVEGKIRQIIPPGFCTNTNDFLSLLEKEVDFKPFGTLLHTYSVLSPTGGENFTFQIYKADMTCRGFREYHERLQTFLMWFIETASFIDVDDERWHYFLVFEKYNKDGATLFATVGYMTVYNYYVYPDKTRPRVSQMLILTPFQGQGHGAQLLETVHRYYTEFPTVLDITAEDPSKSYVKLRDFVLVKLCQDLPCFSREKLMQGFNEDMAIEAQQKFKINKQHARRVYEILRLLVTD,N_His,250 uL,1,0.1,,7356.742188,7070.64502,5179.98291,6535.790039333333,6769.969809666666,100.0,65.35790039333332,0.9654090377184616,0.0096395183105988,N,N,,XS386223a
4,XS386223a,C14H23N3O2,COCc1ncc(C)n1CCNC(=O)C1CCCC1,ChemDivB07,ASTPP000935,448,7,HAT1_O14929_20_341,O14929,MHHHHHHSSGRENLYFQGKKLAEYKCNTNTAIELKLVRFPEDLENDIRTFFPEYTHQLFGDDETAFGYKGLKILLYYIAGSLSTMFRVEYASKVDENFDCVEADDVEGKIRQIIPPGFCTNTNDFLSLLEKEVDFKPFGTLLHTYSVLSPTGGENFTFQIYKADMTCRGFREYHERLQTFLMWFIETASFIDVDDERWHYFLVFEKYNKDGATLFATVGYMTVYNYYVYPDKTRPRVSQMLILTPFQGQGHGAQLLETVHRYYTEFPTVLDITAEDPSKSYVKLRDFVLVKLCQDLPCFSREKLMQGFNEDMAIEAQQKFKINKQHARRVYEILRLLVTD,N_His,250 uL,1,0.1,,7356.742188,7070.64502,5179.98291,6535.790039333333,6769.969809666666,100.0,65.35790039333332,0.9654090377184616,0.0096395183105988,N,N,,XS385442a
4,XS387267a,C16H21N5O4,Cc1noc(CC2C(=O)NCCN2C(=O)CCc2c(C)noc2C)n1,ChemDivC01,ASTPP000938,448,7,HAT1_O14929_20_341,O14929,MHHHHHHSSGRENLYFQGKKLAEYKCNTNTAIELKLVRFPEDLENDIRTFFPEYTHQLFGDDETAFGYKGLKILLYYIAGSLSTMFRVEYASKVDENFDCVEADDVEGKIRQIIPPGFCTNTNDFLSLLEKEVDFKPFGTLLHTYSVLSPTGGENFTFQIYKADMTCRGFREYHERLQTFLMWFIETASFIDVDDERWHYFLVFEKYNKDGATLFATVGYMTVYNYYVYPDKTRPRVSQMLILTPFQGQGHGAQLLETVHRYYTEFPTVLDITAEDPSKSYVKLRDFVLVKLCQDLPCFSREKLMQGFNEDMAIEAQQKFKINKQHARRVYEILRLLVTD,N_His,250 uL,1,0.1,,3361.077148,4635.057617,5190.122559,4395.419108000001,4395.419108000001,100.0,43.95419108000001,1.0,0.0101300548138317,N,N,,XS385557a
4,XS385557a,C16H21N5O4,COCc1c(C(=O)N2CC(n3cnnc3C3CCCO3)C2)noc1C,ChemDivC01,ASTPP000938,448,7,HAT1_O14929_20_341,O14929,MHHHHHHSSGRENLYFQGKKLAEYKCNTNTAIELKLVRFPEDLENDIRTFFPEYTHQLFGDDETAFGYKGLKILLYYIAGSLSTMFRVEYASKVDENFDCVEADDVEGKIRQIIPPGFCTNTNDFLSLLEKEVDFKPFGTLLHTYSVLSPTGGENFTFQIYKADMTCRGFREYHERLQTFLMWFIETASFIDVDDERWHYFLVFEKYNKDGATLFATVGYMTVYNYYVYPDKTRPRVSQMLILTPFQGQGHGAQLLETVHRYYTEFPTVLDITAEDPSKSYVKLRDFVLVKLCQDLPCFSREKLMQGFNEDMAIEAQQKFKINKQHARRVYEILRLLVTD,N_His,250 uL,1,0.1,,3361.077148,4635.057617,5190.122559,4395.419108000001,4395.419108000001,100.0,43.95419108000001,1.0,0.0101300548138317,N,N,,XS387267a
4,XS386388a,C15H23N3O3,CC(=O)N1CCCC(C)(c2noc(C3CCOCC3)n2)C1,ChemDivC02,ASTPP000940,448,7,HAT1_O14929_20_341,O14929,MHHHHHHSSGRENLYFQGKKLAEYKCNTNTAIELKLVRFPEDLENDIRTFFPEYTHQLFGDDETAFGYKGLKILLYYIAGSLSTMFRVEYASKVDENFDCVEADDVEGKIRQIIPPGFCTNTNDFLSLLEKEVDFKPFGTLLHTYSVLSPTGGENFTFQIYKADMTCRGFREYHERLQTFLMWFIETASFIDVDDERWHYFLVFEKYNKDGATLFATVGYMTVYNYYVYPDKTRPRVSQMLILTPFQGQGHGAQLLETVHRYYTEFPTVLDITAEDPSKSYVKLRDFVLVKLCQDLPCFSREKLMQGFNEDMAIEAQQKFKINKQHARRVYEILRLLVTD,N_His,250 uL,1,0.1,,7190.246582,7714.271484,6649.214844,7184.577636666666,7184.577636666666,100.0,71.84577636666666,1.0,0.0059581350579896,N,N,,XS386428a
4,XS386428a,C15H23N3O3,COCCC1(c2noc(C)n2)CCN(C(=O)C2CC2)CC1,ChemDivC02,ASTPP000940,448,7,HAT1_O14929_20_341,O14929,MHHHHHHSSGRENLYFQGKKLAEYKCNTNTAIELKLVRFPEDLENDIRTFFPEYTHQLFGDDETAFGYKGLKILLYYIAGSLSTMFRVEYASKVDENFDCVEADDVEGKIRQIIPPGFCTNTNDFLSLLEKEVDFKPFGTLLHTYSVLSPTGGENFTFQIYKADMTCRGFREYHERLQTFLMWFIETASFIDVDDERWHYFLVFEKYNKDGATLFATVGYMTVYNYYVYPDKTRPRVSQMLILTPFQGQGHGAQLLETVHRYYTEFPTVLDITAEDPSKSYVKLRDFVLVKLCQDLPCFSREKLMQGFNEDMAIEAQQKFKINKQHARRVYEILRLLVTD,N_His,250 uL,1,0.1,,7190.246582,7714.271484,6649.214844,7184.577636666666,7184.577636666666,100.0,71.84577636666666,1.0,0.0059581350579896,N,N,,XS386388a
4,XS382344a,C19H26N4O2,O=C1CCN(C(=O)CCc2nc3ccccc3[nH]2)CCCCCCN1,ChemDivC03,ASTPP000939,448,7,HAT1_O14929_20_341,O14929,MHHHHHHSSGRENLYFQGKKLAEYKCNTNTAIELKLVRFPEDLENDIRTFFPEYTHQLFGDDETAFGYKGLKILLYYIAGSLSTMFRVEYASKVDENFDCVEADDVEGKIRQIIPPGFCTNTNDFLSLLEKEVDFKPFGTLLHTYSVLSPTGGENFTFQIYKADMTCRGFREYHERLQTFLMWFIETASFIDVDDERWHYFLVFEKYNKDGATLFATVGYMTVYNYYVYPDKTRPRVSQMLILTPFQGQGHGAQLLETVHRYYTEFPTVLDITAEDPSKSYVKLRDFVLVKLCQDLPCFSREKLMQGFNEDMAIEAQQKFKINKQHARRVYEILRLLVTD,N_His,250 uL,1,0.1,,6073.396973,7533.74707,9162.014648,7589.719563666666,7589.719563666666,100.0,75.89719563666667,1.0,0.0356550217996474,N,N,,XS386627a;XS385827a
4,XS386627a,C19H26N4O2,O=C(c1ccccn1)N1CCCN(C2CCN(CC3CC3)C2=O)CC1,ChemDivC03,ASTPP000939,448,7,HAT1_O14929_20_341,O14929,MHHHHHHSSGRENLYFQGKKLAEYKCNTNTAIELKLVRFPEDLENDIRTFFPEYTHQLFGDDETAFGYKGLKILLYYIAGSLSTMFRVEYASKVDENFDCVEADDVEGKIRQIIPPGFCTNTNDFLSLLEKEVDFKPFGTLLHTYSVLSPTGGENFTFQIYKADMTCRGFREYHERLQTFLMWFIETASFIDVDDERWHYFLVFEKYNKDGATLFATVGYMTVYNYYVYPDKTRPRVSQMLILTPFQGQGHGAQLLETVHRYYTEFPTVLDITAEDPSKSYVKLRDFVLVKLCQDLPCFSREKLMQGFNEDMAIEAQQKFKINKQHARRVYEILRLLVTD,N_His,250 uL,1,0.1,,6073.396973,7533.74707,9162.014648,7589.719563666666,7589.719563666666,100.0,75.89719563666667,1.0,0.0356550217996474,N,N,,XS382344a;XS385827a
4,XS385827a,C19H26N4O2,CCn1nccc1C(=O)N1CC[C@](O)(c2ccccc2)[C@H](N(C)C)C1,ChemDivC03,ASTPP000939,448,7,HAT1_O14929_20_341,O14929,MHHHHHHSSGRENLYFQGKKLAEYKCNTNTAIELKLVRFPEDLENDIRTFFPEYTHQLFGDDETAFGYKGLKILLYYIAGSLSTMFRVEYASKVDENFDCVEADDVEGKIRQIIPPGFCTNTNDFLSLLEKEVDFKPFGTLLHTYSVLSPTGGENFTFQIYKADMTCRGFREYHERLQTFLMWFIETASFIDVDDERWHYFLVFEKYNKDGATLFATVGYMTVYNYYVYPDKTRPRVSQMLILTPFQGQGHGAQLLETVHRYYTEFPTVLDITAEDPSKSYVKLRDFVLVKLCQDLPCFSREKLMQGFNEDMAIEAQQKFKINKQHARRVYEILRLLVTD,N_His,250 uL,1,0.1,,6073.396973,7533.74707,9162.014648,7589.719563666666,7589.719563666666,100.0,75.89719563666667,1.0,0.0356550217996474,N,N,,XS382344a;XS386627a
4,XS386949a,C10H15N5,CCc1nnc2ccc(NC(C)C)nn12,ChemDivB04,ASTPP000929,448,7,HAT1_O14929_20_341,O14929,MHHHHHHSSGRENLYFQGKKLAEYKCNTNTAIELKLVRFPEDLENDIRTFFPEYTHQLFGDDETAFGYKGLKILLYYIAGSLSTMFRVEYASKVDENFDCVEADDVEGKIRQIIPPGFCTNTNDFLSLLEKEVDFKPFGTLLHTYSVLSPTGGENFTFQIYKADMTCRGFREYHERLQTFLMWFIETASFIDVDDERWHYFLVFEKYNKDGATLFATVGYMTVYNYYVYPDKTRPRVSQMLILTPFQGQGHGAQLLETVHRYYTEFPTVLDITAEDPSKSYVKLRDFVLVKLCQDLPCFSREKLMQGFNEDMAIEAQQKFKINKQHARRVYEILRLLVTD,N_His,250 uL,1,0.1,,25528.72852,31248.24414,22621.78711,26466.253256666667,33314.35905,100.0,264.66253256666664,0.7944398154845086,0.006118394346378,N,N,,XS386988a;XS384729a
4,XS386988a,C10H15N5,CCCNc1ccc2nnc(CC)n2n1,ChemDivB04,ASTPP000929,448,7,HAT1_O14929_20_341,O14929,MHHHHHHSSGRENLYFQGKKLAEYKCNTNTAIELKLVRFPEDLENDIRTFFPEYTHQLFGDDETAFGYKGLKILLYYIAGSLSTMFRVEYASKVDENFDCVEADDVEGKIRQIIPPGFCTNTNDFLSLLEKEVDFKPFGTLLHTYSVLSPTGGENFTFQIYKADMTCRGFREYHERLQTFLMWFIETASFIDVDDERWHYFLVFEKYNKDGATLFATVGYMTVYNYYVYPDKTRPRVSQMLILTPFQGQGHGAQLLETVHRYYTEFPTVLDITAEDPSKSYVKLRDFVLVKLCQDLPCFSREKLMQGFNEDMAIEAQQKFKINKQHARRVYEILRLLVTD,N_His,250 uL,1,0.1,,25528.72852,31248.24414,22621.78711,26466.253256666667,33314.35905,100.0,264.66253256666664,0.7944398154845086,0.006118394346378,N,N,,XS386949a;XS384729a
4,XS384729a,C10H15N5,Cn1nccc1CNCc1ccnn1C,ChemDivB04,ASTPP000929,448,7,HAT1_O14929_20_341,O14929,MHHHHHHSSGRENLYFQGKKLAEYKCNTNTAIELKLVRFPEDLENDIRTFFPEYTHQLFGDDETAFGYKGLKILLYYIAGSLSTMFRVEYASKVDENFDCVEADDVEGKIRQIIPPGFCTNTNDFLSLLEKEVDFKPFGTLLHTYSVLSPTGGENFTFQIYKADMTCRGFREYHERLQTFLMWFIETASFIDVDDERWHYFLVFEKYNKDGATLFATVGYMTVYNYYVYPDKTRPRVSQMLILTPFQGQGHGAQLLETVHRYYTEFPTVLDITAEDPSKSYVKLRDFVLVKLCQDLPCFSREKLMQGFNEDMAIEAQQKFKINKQHARRVYEILRLLVTD,N_His,250 uL,1,0.1,,25528.72852,31248.24414,22621.78711,26466.253256666667,33314.35905,100.0,264.66253256666664,0.7944398154845086,0.006118394346378,N,N,,XS386949a;XS386988a
